{
	"playback": "loop",
	"fps": 7,

	"animations": {
		"error": [
			{
				"source": "",
				"x": 0,
				"y": 0,
				"width": 16,
				"height": 16
			}
		],
		"idle": [
			{
				"source": "./DinoSprites - doux.png",
				"x": 0,
				"y": 0,
				"width": 24,
				"height": 24
			},
			{
				"source": "./DinoSprites - doux.png",
				"x": 24,
				"y": 0,
				"width": 24,
				"height": 24
			},
			{
				"source": "./DinoSprites - doux.png",
				"x": 48,
				"y": 0,
				"width": 24,
				"height": 24
			},
			{
				"source": "./DinoSprites - doux.png",
				"x": 72,
				"y": 0,
				"width": 24,
				"height": 24
			}
		],
		"walk": [
			{
				"source": "./DinoSprites - doux.png",
				"x": 96,
				"y": 0,
				"width": 24,
				"height": 24
			},
			{
				"source": "./DinoSprites - doux.png",
				"x": 120,
				"y": 0,
				"width": 24,
				"height": 24
			},
			{
				"source": "./DinoSprites - doux.png",
				"x": 144,
				"y": 0,
				"width": 24,
				"height": 24
			},
			{
				"source": "./DinoSprites - doux.png",
				"x": 168,
				"y": 0,
				"width": 24,
				"height": 24
			},
			{
				"source": "./DinoSprites - doux.png",
				"x": 192,
				"y": 0,
				"width": 24,
				"height": 24
			},
			{
				"source": "./DinoSprites - doux.png",
				"x": 216,
				"y": 0,
				"width": 24,
				"height": 24
			}
		],
		"kick": [
			{
				"source": "./DinoSprites - doux.png",
				"x": 240,
				"y": 0,
				"width": 24,
				"height": 24
			},
			{
				"source": "./DinoSprites - doux.png",
				"x": 264,
				"y": 0,
				"width": 24,
				"height": 24
			},
			{
				"source": "./DinoSprites - doux.png",
				"x": 288,
				"y": 0,
				"width": 24,
				"height": 24
			}
		],
		"hurt": [
			{
				"source": "./DinoSprites - doux.png",
				"x": 312,
				"y": 0,
				"width": 24,
				"height": 24
			},
			{
				"source": "./DinoSprites - doux.png",
				"x": 336,
				"y": 0,
				"width": 24,
				"height": 24
			},
			{
				"source": "./DinoSprites - doux.png",
				"x": 360,
				"y": 0,
				"width": 24,
				"height": 24
			},
			{
				"source": "./DinoSprites - doux.png",
				"x": 384,
				"y": 0,
				"width": 24,
				"height": 24
			}
		]
	}
}